{"133e8e01-e0c4-90f2-4da8-a3f9d58d48d1":"/resources/mit6_057iap19_hw3/data.json","1c9298a5-25ec-7cd6-5c80-b462fd9a23ea":"/resources/mit6_057iap19_hw2/data.json","1feec69d-0288-d84b-13fc-bf812ac46748":"/pages/syllabus/data.json","20d4110b-5815-d78f-8487-6f348a30d844":"/resources/6-057iap19/data.json","2711e86c-4144-9fd1-31cf-90cfbf3309db":"/resources/6-057iap19-th/data.json","423579f5-ea43-458a-c6be-3be78432870e":"/resources/mit6_057iap19_hw1/data.json","4ee410db-adb1-e811-373f-c97bd88937db":"/pages/assignments/data.json","5bf90870-a8fa-2a2f-603c-57e132470c37":"/resources/mit6_057iap19_lec4/data.json","60126ec2-1b87-207f-ab5c-a76927d00e30":"/resources/mit6_057iap19_lec3/data.json","654efc8e-405f-e73a-9663-227224e62fa3":"/resources/mit6_057iap19_hw3-1/data.json","81963f52-d416-0e14-3891-d2cc61912145":"/resources/mit6_057iap19_lec5/data.json","891606e9-9e66-8959-e053-4941b6ef7cee":"/resources/mit6_057iap19_lec1/data.json","99d9344b-8adf-c20f-cc88-caa3c9dae6d9":"/resources/mit6_057iap19_hw2-1/data.json","b39a15e0-0b77-1273-ccfb-cb41acf4d7f8":"/pages/lecture-notes/data.json","c82a7a66-79f4-69ab-a095-03b4762feb58":"/resources/mit6_057iap19_lec2/data.json","ec4db10e-fb1b-f8c2-44d8-c93a88f77116":"/resources/mit6_057iap19_hw4/data.json","f1c4ffbc-7d35-23a4-413b-a0cbbabc11f8":"/resources/mit6_057iap19_hw4-1/data.json"}