<?xml version="1.0" encoding="utf-8" standalone="yes"?>
<rss version="2.0" xmlns:atom="http://www.w3.org/2005/Atom">
  <channel>
    <title>Assignments on MIT OpenCourseWare</title>
    <link>/resources/assignments/</link>
    <description>Recent content in Assignments on MIT OpenCourseWare</description>
    <generator>Hugo -- gohugo.io</generator>
    <language>en-us</language><atom:link href="/resources/assignments/index.xml" rel="self" type="application/rss+xml" />
    <item>
      <title>6.057 Introduction to MATLAB, Homework 1</title>
      <link>/resources/mit6_057iap19_hw1/data.json</link>
      <pubDate>Mon, 01 Jan 0001 00:00:00 +0000</pubDate>
      
      <guid>/resources/mit6_057iap19_hw1/data.json</guid>
      <description></description>
    </item>
    
    <item>
      <title>6.057 Introduction to MATLAB, Homework 2</title>
      <link>/resources/mit6_057iap19_hw2/data.json</link>
      <pubDate>Mon, 01 Jan 0001 00:00:00 +0000</pubDate>
      
      <guid>/resources/mit6_057iap19_hw2/data.json</guid>
      <description></description>
    </item>
    
    <item>
      <title>6.057 Introduction to MATLAB, Homework 3</title>
      <link>/resources/mit6_057iap19_hw3/data.json</link>
      <pubDate>Mon, 01 Jan 0001 00:00:00 +0000</pubDate>
      
      <guid>/resources/mit6_057iap19_hw3/data.json</guid>
      <description></description>
    </item>
    
    <item>
      <title>6.057 Introduction to MATLAB, Homework 4</title>
      <link>/resources/mit6_057iap19_hw4/data.json</link>
      <pubDate>Mon, 01 Jan 0001 00:00:00 +0000</pubDate>
      
      <guid>/resources/mit6_057iap19_hw4/data.json</guid>
      <description></description>
    </item>
    
    <item>
      <title>Assignments</title>
      <link>/pages/assignments/data.json</link>
      <pubDate>Mon, 01 Jan 0001 00:00:00 +0000</pubDate>
      
      <guid>/pages/assignments/data.json</guid>
      <description>There are four problem sets, due daily. The first one will be released after the first class, and it will be due before the second class. The last problem set will be due before the last class. Problem set grading will be done coarsely (i.e. we will not penalize you for minor mistakes).
Assignments Descriptions Additional Files Homework 1: Matrices and Vectors (PDF - 1.2MB)
This homework is designed to teach you to think in terms of matrices and vectors because this is how MATLAB organizes data.</description>
    </item>
    
    <item>
      <title>MIT6_057IAP19_hw2.zip</title>
      <link>/resources/mit6_057iap19_hw2-1/data.json</link>
      <pubDate>Mon, 01 Jan 0001 00:00:00 +0000</pubDate>
      
      <guid>/resources/mit6_057iap19_hw2-1/data.json</guid>
      <description></description>
    </item>
    
    <item>
      <title>MIT6_057IAP19_hw3.zip</title>
      <link>/resources/mit6_057iap19_hw3-1/data.json</link>
      <pubDate>Mon, 01 Jan 0001 00:00:00 +0000</pubDate>
      
      <guid>/resources/mit6_057iap19_hw3-1/data.json</guid>
      <description></description>
    </item>
    
    <item>
      <title>MIT6_057IAP19_hw4.zip</title>
      <link>/resources/mit6_057iap19_hw4-1/data.json</link>
      <pubDate>Mon, 01 Jan 0001 00:00:00 +0000</pubDate>
      
      <guid>/resources/mit6_057iap19_hw4-1/data.json</guid>
      <description></description>
    </item>
    
  </channel>
</rss>
